account_name,client,sector,cm_name
Woodin Fashion Togo,Woodin,Mode Lifestyle et Bien-etre,
woodinfashiontogo,Woodin,Mode Lifestyle et Bien-etre,
KRYSTAL OPTIQUE 🇹🇬🇧🇬,Krystal Optique,Mode Lifestyle et Bien-etre,
Krystal Optique Benin,Krystal Optique,Mode Lifestyle et Bien-etre,
𝗖𝗟𝗔𝗜𝗥 𝗢𝗣𝗧𝗜𝗖 𝗧𝗢𝗚𝗢,Clair Optic,Mode Lifestyle et Bien-etre,
Pressing_du_Soleil,Pressing du Soleil,Mode Lifestyle et Bien-etre,
DAGAN MAGAZINE,Dagan Magazine,Mode Lifestyle et Bien-etre,
Wakabi Le Guide | Découverte | Bons plans | Divertissement,Wakabi,Mode Lifestyle et Bien-etre,
Wakabi - Le guide des bons coins,Wakabi,Mode Lifestyle et Bien-etre,
GRETY’S LDM,Grety's LDM,Mode Lifestyle et Bien-etre,
bonici.africa,Bonici,Nourriture,
Ⓐ Ⓑ Ⓘ 'Ⓢ   Ⓒ Ⓡ Ⓔ Ⓐ Ⓜ,Abi's Cream,Nourriture,
Dom's Restaurant,Dom's,Nourriture,
SODIGAZ TOGO,Sodigaz,Carburant,
Sodigaztg,Sodigaz,Carburant,
Zener SA,Zener,Carburant,
Live Y Dream,Live Y Dream,Page personnelle,
Abi's Cream,Abi's Cream,Nourriture,
Orithane,Orithane,Mode Lifestyle et Bien-etre,
