Secteur,Plateforme,Format,Nombre comptes,Comptes qualifies,Publications,Mediane sectorielle (comptes),Moyenne sectorielle (comptes),Dispersion inter-comptes,P50 poole,P70 poole,P80 poole,Mediane poolee,Moyenne poolee,Engagement median (%),Fiabilite,Motif
Carburant,facebook,photo,2,2,283,1072.0,1072.0,213.5,1169.0,1734.2,2290.2,1169.0,3000.8,3.12,INSUFFISANT,"DEROGATION : categorie calculee sur 2 compte(s) seulement, a interpreter avec prudence"
Carburant,facebook,reel,2,2,74,736.0,736.0,182.4,719.0,1075.7,1250.4,719.0,1075.4,3.17,INSUFFISANT,"DEROGATION : categorie calculee sur 2 compte(s) seulement, a interpreter avec prudence"
Carburant,facebook,video,2,2,14,422.5,422.5,81.3,460.5,651.3,958.4,460.5,652.6,4.67,INSUFFISANT,"DEROGATION : categorie calculee sur 2 compte(s) seulement, a interpreter avec prudence ; 14 publication(s) < 20"
Carburant,instagram,carousel,2,2,40,179.0,179.0,47.4,166.0,228.5,298.6,166.0,687.3,8.51,INSUFFISANT,"DEROGATION : categorie calculee sur 2 compte(s) seulement, a interpreter avec prudence"
Carburant,instagram,photo,2,2,252,114.0,114.0,7.1,112.0,145.1,172.0,112.0,271.1,7.62,INSUFFISANT,"DEROGATION : categorie calculee sur 2 compte(s) seulement, a interpreter avec prudence"
Carburant,instagram,reel,2,2,80,191.0,191.0,62.2,186.5,248.0,306.0,186.5,372.1,4.15,INSUFFISANT,"DEROGATION : categorie calculee sur 2 compte(s) seulement, a interpreter avec prudence"
Mode Lifestyle et Bien-etre,facebook,photo,9,9,723,125.0,227.4,334.9,264.0,890.0,1176.4,264.0,886.8,2.7,Exploitable,
Mode Lifestyle et Bien-etre,facebook,reel,9,8,202,138.5,255.4,247.0,465.0,721.3,1184.4,465.0,1953.3,3.08,Exploitable,
Mode Lifestyle et Bien-etre,facebook,video,5,1,56,502.0,502.0,,484.5,573.0,662.0,484.5,562.1,2.54,INSUFFISANT,1 compte(s) qualifie(s) < 3
Mode Lifestyle et Bien-etre,instagram,carousel,7,6,167,214.5,385.7,527.8,464.0,1051.2,1585.6,464.0,1863.6,5.5,Exploitable,
Mode Lifestyle et Bien-etre,instagram,photo,8,8,560,90.2,156.9,205.9,378.5,697.2,1257.8,378.5,740.3,3.9,Exploitable,
Mode Lifestyle et Bien-etre,instagram,reel,8,7,308,158.5,320.9,317.9,671.0,1244.9,1901.4,671.0,1830.8,5.28,Exploitable,
Nourriture,facebook,photo,3,3,325,223.5,259.5,97.6,208.0,270.0,327.8,208.0,265.9,2.59,Exploitable,
Nourriture,facebook,reel,3,2,88,355.0,355.0,94.8,341.5,431.0,494.6,341.5,398.6,2.2,INSUFFISANT,2 compte(s) qualifie(s) < 3
Nourriture,facebook,video,3,2,32,173.2,173.2,90.9,191.5,244.4,278.8,191.5,238.9,3.39,INSUFFISANT,2 compte(s) qualifie(s) < 3
Nourriture,instagram,carousel,3,3,126,133.5,185.2,109.6,207.0,310.0,429.0,207.0,442.4,6.71,Exploitable,
Nourriture,instagram,photo,3,3,239,284.0,256.2,97.3,248.0,386.2,447.8,248.0,563.6,5.19,Exploitable,
Nourriture,instagram,reel,3,3,141,230.5,285.8,145.6,280.0,464.0,744.0,280.0,1165.0,3.62,Exploitable,
