Compte,Platform,Format,Publications,Vues medianes,Vues moyennes,Engagement median (%),Ratio vs photo,Fiabilite
Abi's Cream,facebook,reel,19,422.0,439.6,2.56,2.28,Moyenne
Abi's Cream,facebook,video,18,237.5,319.1,3.94,1.28,Moyenne
Abi's Cream,facebook,photo,144,185.0,241.0,3.16,1.0,Elevee
Abi'scream,instagram,reel,44,451.0,1650.4,5.27,1.59,Elevee
Abi'scream,instagram,carousel,44,311.0,657.9,9.39,1.1,Elevee
Abi'scream,instagram,photo,117,284.0,573.5,7.01,1.0,Elevee
Bonici Africa,facebook,reel,4,370.5,396.5,3.38,1.0,Insuffisante
Bonici Africa,facebook,photo,31,370.0,413.6,3.7,1.0,Elevee
Bonici Africa,facebook,video,1,229.0,229.0,4.7,0.62,Insuffisante
Clair Optic Togo,instagram,reel,12,158.5,648.3,2.33,2.23,Moyenne
Clair Optic Togo,facebook,reel,8,76.0,84.6,9.1,1.2,Faible
Clair Optic Togo,instagram,photo,79,71.0,181.1,15.79,1.0,Elevee
Clair Optic Togo,facebook,video,2,65.5,65.5,7.07,1.03,Insuffisante
Clair Optic Togo,facebook,photo,94,63.5,73.6,8.7,1.0,Elevee
Clair Optic Togo,instagram,carousel,16,51.0,290.6,10.98,0.72,Moyenne
DAGAN MAGAZINE,instagram,reel,2,1003.0,1003.0,6.02,5.54,Insuffisante
DAGAN MAGAZINE,instagram,carousel,6,335.5,323.8,6.89,1.85,Faible
DAGAN MAGAZINE,instagram,photo,52,181.0,380.9,7.33,1.0,Elevee
DOM'S Restaurant,facebook,reel,65,288.0,386.8,2.09,1.29,Elevee
DOM'S Restaurant,facebook,photo,150,223.5,259.2,1.96,1.0,Elevee
DOM'S Restaurant,facebook,video,13,109.0,128.5,3.03,0.49,Moyenne
Dagan Magazine,facebook,reel,1,314.0,314.0,3.16,1.29,Insuffisante
Dagan Magazine,facebook,photo,120,243.5,1589.6,3.44,1.0,Elevee
Dom's Restaurant,instagram,reel,90,230.5,733.1,3.02,1.56,Elevee
Dom's Restaurant,instagram,photo,90,148.0,480.2,3.81,1.0,Elevee
Dom's Restaurant,instagram,carousel,72,133.5,353.4,5.16,0.9,Elevee
GRETY'S LDM,instagram,reel,23,105.0,1079.5,2.15,4.88,Moyenne
GRETY'S LDM,instagram,carousel,24,26.0,464.4,3.01,1.21,Moyenne
GRETY'S LDM,instagram,photo,12,21.5,72.2,5.0,1.0,Moyenne
Grety's LDM,facebook,reel,16,104.0,109.4,2.5,1.68,Moyenne
Grety's LDM,facebook,photo,39,62.0,66.8,4.17,1.0,Elevee
Krystal Optique,facebook,reel,9,291.0,1536.3,3.64,1.65,Faible
Krystal Optique,instagram,reel,11,193.0,326.6,5.68,1.76,Moyenne
Krystal Optique,facebook,photo,38,176.5,210.6,2.49,1.0,Elevee
Krystal Optique,instagram,photo,30,109.5,241.6,4.61,1.0,Elevee
Krystal Optique,instagram,carousel,12,93.5,119.1,6.75,0.85,Moyenne
Krystal Optique Benin,instagram,reel,7,133.0,134.7,6.8,5.12,Faible
Krystal Optique Benin,instagram,photo,23,26.0,58.0,12.5,1.0,Moyenne
Krystal Optique Bénin,facebook,photo,35,35.0,37.0,0.0,1.0,Elevee
Krystal Optique Bénin,facebook,reel,8,31.5,95.4,2.35,0.9,Faible
Krystal Optique Bénin,facebook,video,1,19.0,19.0,0.0,0.54,Insuffisante
Orithane,facebook,photo,20,147.0,137.8,2.61,1.0,Moyenne
Orithane,facebook,reel,9,147.0,170.3,2.63,1.0,Faible
Pressing du Soleil,facebook,reel,5,130.0,132.2,30.0,1.43,Faible
Pressing du Soleil,facebook,video,1,102.0,102.0,1.69,1.12,Insuffisante
Pressing du Soleil,facebook,photo,17,91.0,152.6,6.19,1.0,Moyenne
Pressing_du_Soleil,instagram,reel,11,97.0,139.8,1.45,4.22,Moyenne
Pressing_du_Soleil,instagram,carousel,1,29.0,29.0,44.44,1.26,Insuffisante
Pressing_du_Soleil,instagram,photo,14,23.0,30.9,19.09,1.0,Moyenne
SODIGAZ TOGO,instagram,reel,41,147.0,205.0,3.45,1.24,Elevee
SODIGAZ TOGO,instagram,carousel,18,145.5,760.9,5.22,1.22,Moyenne
SODIGAZ TOGO,instagram,photo,69,119.0,387.4,4.88,1.0,Elevee
Sodigaztg,facebook,photo,85,921.0,1772.4,3.3,1.0,Elevee
Sodigaztg,facebook,reel,43,607.0,773.3,3.26,0.66,Elevee
Sodigaztg,facebook,video,7,480.0,723.1,4.32,0.52,Faible
Wakabi - Le guide des bons coins,facebook,reel,125,563.0,2832.7,2.59,4.5,Elevee
Wakabi - Le guide des bons coins,facebook,photo,58,125.0,140.3,3.88,1.0,Elevee
Wakabi - Le guide des bons coins,facebook,video,1,108.0,108.0,0.0,0.86,Insuffisante
Wakabi Le Guide | Découverte | Bons plans | Divertissement,instagram,reel,152,707.0,2648.0,6.63,3.83,Elevee
Wakabi Le Guide | Découverte | Bons plans | Divertissement,instagram,carousel,45,391.0,887.5,6.4,2.12,Elevee
Wakabi Le Guide | Découverte | Bons plans | Divertissement,instagram,photo,8,184.5,352.4,7.88,1.0,Faible
Woodin Fashion Togo,instagram,carousel,63,1417.0,4001.5,4.73,2.22,Elevee
Woodin Fashion Togo,facebook,photo,302,1103.5,1384.4,2.26,1.0,Elevee
Woodin Fashion Togo,instagram,reel,90,852.5,1341.1,4.43,1.33,Elevee
Woodin Fashion Togo,facebook,reel,21,701.0,997.7,3.11,0.64,Moyenne
Woodin Fashion Togo,instagram,photo,342,639.0,1075.3,2.93,1.0,Elevee
Woodin Fashion Togo,facebook,video,51,502.0,610.1,2.56,0.45,Elevee
Zener SA,facebook,photo,198,1223.0,3528.2,3.06,1.0,Elevee
Zener SA,facebook,reel,31,865.0,1494.5,3.08,0.71,Elevee
Zener SA,facebook,video,7,365.0,582.1,4.93,0.3,Faible
Zener SA,instagram,reel,39,235.0,547.7,5.83,2.16,Elevee
Zener SA,instagram,carousel,22,212.5,627.1,11.08,1.95,Moyenne
Zener SA,instagram,photo,183,109.0,227.2,8.7,1.0,Elevee
bonici.africa,instagram,photo,32,336.5,762.2,4.44,1.0,Elevee
bonici.africa,instagram,reel,7,176.0,3665.9,2.96,0.52,Faible
bonici.africa,instagram,carousel,10,111.0,134.8,5.88,0.33,Moyenne
