Compte,Secteur,Plateforme,Format,Publications,Mediane compte,Mediane secteur,Ecart (%),Positionnement,Fiabilite benchmark,Motif
Zener SA,Carburant,instagram,carousel,22,212.5,179.0,18.7,Indicatif seulement,INSUFFISANT,"DEROGATION : categorie calculee sur 2 compte(s) seulement, a interpreter avec prudence"
SODIGAZ TOGO,Carburant,instagram,carousel,18,145.5,179.0,-18.7,Indicatif seulement,INSUFFISANT,"DEROGATION : categorie calculee sur 2 compte(s) seulement, a interpreter avec prudence"
Zener SA,Carburant,facebook,photo,198,1223.0,1072.0,14.1,Indicatif seulement,INSUFFISANT,"DEROGATION : categorie calculee sur 2 compte(s) seulement, a interpreter avec prudence"
SODIGAZ TOGO,Carburant,instagram,photo,69,119.0,114.0,4.4,Indicatif seulement,INSUFFISANT,"DEROGATION : categorie calculee sur 2 compte(s) seulement, a interpreter avec prudence"
Zener SA,Carburant,instagram,photo,183,109.0,114.0,-4.4,Indicatif seulement,INSUFFISANT,"DEROGATION : categorie calculee sur 2 compte(s) seulement, a interpreter avec prudence"
Sodigaztg,Carburant,facebook,photo,85,921.0,1072.0,-14.1,Indicatif seulement,INSUFFISANT,"DEROGATION : categorie calculee sur 2 compte(s) seulement, a interpreter avec prudence"
Zener SA,Carburant,instagram,reel,39,235.0,191.0,23.0,Indicatif seulement,INSUFFISANT,"DEROGATION : categorie calculee sur 2 compte(s) seulement, a interpreter avec prudence"
Zener SA,Carburant,facebook,reel,31,865.0,736.0,17.5,Indicatif seulement,INSUFFISANT,"DEROGATION : categorie calculee sur 2 compte(s) seulement, a interpreter avec prudence"
Sodigaztg,Carburant,facebook,reel,43,607.0,736.0,-17.5,Indicatif seulement,INSUFFISANT,"DEROGATION : categorie calculee sur 2 compte(s) seulement, a interpreter avec prudence"
SODIGAZ TOGO,Carburant,instagram,reel,41,147.0,191.0,-23.0,Indicatif seulement,INSUFFISANT,"DEROGATION : categorie calculee sur 2 compte(s) seulement, a interpreter avec prudence"
Sodigaztg,Carburant,facebook,video,7,480.0,422.5,13.6,Indicatif seulement,INSUFFISANT,"DEROGATION : categorie calculee sur 2 compte(s) seulement, a interpreter avec prudence ; 14 publication(s) < 20"
Zener SA,Carburant,facebook,video,7,365.0,422.5,-13.6,Indicatif seulement,INSUFFISANT,"DEROGATION : categorie calculee sur 2 compte(s) seulement, a interpreter avec prudence ; 14 publication(s) < 20"
Woodin Fashion Togo,Mode Lifestyle et Bien-etre,instagram,carousel,63,1417.0,214.5,560.6,Au-dessus du secteur,Exploitable,
Wakabi Le Guide | Découverte | Bons plans | Divertissement,Mode Lifestyle et Bien-etre,instagram,carousel,45,391.0,214.5,82.3,Au-dessus du secteur,Exploitable,
DAGAN MAGAZINE,Mode Lifestyle et Bien-etre,instagram,carousel,6,335.5,214.5,56.4,Au-dessus du secteur,Exploitable,
Krystal Optique,Mode Lifestyle et Bien-etre,instagram,carousel,12,93.5,214.5,-56.4,En dessous du secteur,Exploitable,
Clair Optic Togo,Mode Lifestyle et Bien-etre,instagram,carousel,16,51.0,214.5,-76.2,En dessous du secteur,Exploitable,
Pressing_du_Soleil,Mode Lifestyle et Bien-etre,instagram,carousel,1,29.0,214.5,-86.5,En dessous du secteur,Exploitable,
GRETY'S LDM,Mode Lifestyle et Bien-etre,instagram,carousel,24,26.0,214.5,-87.9,En dessous du secteur,Exploitable,
Woodin Fashion Togo,Mode Lifestyle et Bien-etre,facebook,photo,302,1103.5,125.0,782.8,Au-dessus du secteur,Exploitable,
Woodin Fashion Togo,Mode Lifestyle et Bien-etre,instagram,photo,342,639.0,90.2,608.4,Au-dessus du secteur,Exploitable,
Wakabi Le Guide | Découverte | Bons plans | Divertissement,Mode Lifestyle et Bien-etre,instagram,photo,8,184.5,90.2,104.5,Au-dessus du secteur,Exploitable,
DAGAN MAGAZINE,Mode Lifestyle et Bien-etre,instagram,photo,52,181.0,90.2,100.7,Au-dessus du secteur,Exploitable,
Dagan Magazine,Mode Lifestyle et Bien-etre,facebook,photo,120,243.5,125.0,94.8,Au-dessus du secteur,Exploitable,
Krystal Optique,Mode Lifestyle et Bien-etre,facebook,photo,38,176.5,125.0,41.2,Au-dessus du secteur,Exploitable,
Krystal Optique,Mode Lifestyle et Bien-etre,instagram,photo,30,109.5,90.2,21.4,Au-dessus du secteur,Exploitable,
Orithane,Mode Lifestyle et Bien-etre,facebook,photo,20,147.0,125.0,17.6,Au-dessus du secteur,Exploitable,
Wakabi - Le guide des bons coins,Mode Lifestyle et Bien-etre,facebook,photo,58,125.0,125.0,0.0,Dans la norme du secteur,Exploitable,
Clair Optic Togo,Mode Lifestyle et Bien-etre,instagram,photo,79,71.0,90.2,-21.3,En dessous du secteur,Exploitable,
Pressing du Soleil,Mode Lifestyle et Bien-etre,facebook,photo,17,91.0,125.0,-27.2,En dessous du secteur,Exploitable,
Clair Optic Togo,Mode Lifestyle et Bien-etre,facebook,photo,94,63.5,125.0,-49.2,En dessous du secteur,Exploitable,
Grety's LDM,Mode Lifestyle et Bien-etre,facebook,photo,39,62.0,125.0,-50.4,En dessous du secteur,Exploitable,
Krystal Optique Benin,Mode Lifestyle et Bien-etre,instagram,photo,23,26.0,90.2,-71.2,En dessous du secteur,Exploitable,
Krystal Optique Bénin,Mode Lifestyle et Bien-etre,facebook,photo,35,35.0,125.0,-72.0,En dessous du secteur,Exploitable,
Pressing_du_Soleil,Mode Lifestyle et Bien-etre,instagram,photo,14,23.0,90.2,-74.5,En dessous du secteur,Exploitable,
GRETY'S LDM,Mode Lifestyle et Bien-etre,instagram,photo,12,21.5,90.2,-76.2,En dessous du secteur,Exploitable,
DAGAN MAGAZINE,Mode Lifestyle et Bien-etre,instagram,reel,2,1003.0,158.5,532.8,Au-dessus du secteur,Exploitable,
Woodin Fashion Togo,Mode Lifestyle et Bien-etre,instagram,reel,90,852.5,158.5,437.9,Au-dessus du secteur,Exploitable,
Woodin Fashion Togo,Mode Lifestyle et Bien-etre,facebook,reel,21,701.0,138.5,406.1,Au-dessus du secteur,Exploitable,
Wakabi Le Guide | Découverte | Bons plans | Divertissement,Mode Lifestyle et Bien-etre,instagram,reel,152,707.0,158.5,346.1,Au-dessus du secteur,Exploitable,
Wakabi - Le guide des bons coins,Mode Lifestyle et Bien-etre,facebook,reel,125,563.0,138.5,306.5,Au-dessus du secteur,Exploitable,
Dagan Magazine,Mode Lifestyle et Bien-etre,facebook,reel,1,314.0,138.5,126.7,Au-dessus du secteur,Exploitable,
Krystal Optique,Mode Lifestyle et Bien-etre,facebook,reel,9,291.0,138.5,110.1,Au-dessus du secteur,Exploitable,
Krystal Optique,Mode Lifestyle et Bien-etre,instagram,reel,11,193.0,158.5,21.8,Au-dessus du secteur,Exploitable,
Orithane,Mode Lifestyle et Bien-etre,facebook,reel,9,147.0,138.5,6.1,Dans la norme du secteur,Exploitable,
Clair Optic Togo,Mode Lifestyle et Bien-etre,instagram,reel,12,158.5,158.5,0.0,Dans la norme du secteur,Exploitable,
Pressing du Soleil,Mode Lifestyle et Bien-etre,facebook,reel,5,130.0,138.5,-6.1,Dans la norme du secteur,Exploitable,
Krystal Optique Benin,Mode Lifestyle et Bien-etre,instagram,reel,7,133.0,158.5,-16.1,En dessous du secteur,Exploitable,
Grety's LDM,Mode Lifestyle et Bien-etre,facebook,reel,16,104.0,138.5,-24.9,En dessous du secteur,Exploitable,
GRETY'S LDM,Mode Lifestyle et Bien-etre,instagram,reel,23,105.0,158.5,-33.8,En dessous du secteur,Exploitable,
Pressing_du_Soleil,Mode Lifestyle et Bien-etre,instagram,reel,11,97.0,158.5,-38.8,En dessous du secteur,Exploitable,
Clair Optic Togo,Mode Lifestyle et Bien-etre,facebook,reel,8,76.0,138.5,-45.1,En dessous du secteur,Exploitable,
Krystal Optique Bénin,Mode Lifestyle et Bien-etre,facebook,reel,8,31.5,138.5,-77.3,En dessous du secteur,Exploitable,
Woodin Fashion Togo,Mode Lifestyle et Bien-etre,facebook,video,51,502.0,502.0,0.0,Indicatif seulement,INSUFFISANT,1 compte(s) qualifie(s) < 3
Wakabi - Le guide des bons coins,Mode Lifestyle et Bien-etre,facebook,video,1,108.0,502.0,-78.5,Indicatif seulement,INSUFFISANT,1 compte(s) qualifie(s) < 3
Pressing du Soleil,Mode Lifestyle et Bien-etre,facebook,video,1,102.0,502.0,-79.7,Indicatif seulement,INSUFFISANT,1 compte(s) qualifie(s) < 3
Clair Optic Togo,Mode Lifestyle et Bien-etre,facebook,video,2,65.5,502.0,-87.0,Indicatif seulement,INSUFFISANT,1 compte(s) qualifie(s) < 3
Krystal Optique Bénin,Mode Lifestyle et Bien-etre,facebook,video,1,19.0,502.0,-96.2,Indicatif seulement,INSUFFISANT,1 compte(s) qualifie(s) < 3
Abi'scream,Nourriture,instagram,carousel,44,311.0,133.5,133.0,Au-dessus du secteur,Exploitable,
Dom's Restaurant,Nourriture,instagram,carousel,72,133.5,133.5,0.0,Dans la norme du secteur,Exploitable,
bonici.africa,Nourriture,instagram,carousel,10,111.0,133.5,-16.9,En dessous du secteur,Exploitable,
Bonici Africa,Nourriture,facebook,photo,31,370.0,223.5,65.5,Au-dessus du secteur,Exploitable,
bonici.africa,Nourriture,instagram,photo,32,336.5,284.0,18.5,Au-dessus du secteur,Exploitable,
Abi'scream,Nourriture,instagram,photo,117,284.0,284.0,0.0,Dans la norme du secteur,Exploitable,
DOM'S Restaurant,Nourriture,facebook,photo,150,223.5,223.5,0.0,Dans la norme du secteur,Exploitable,
Abi's Cream,Nourriture,facebook,photo,144,185.0,223.5,-17.2,En dessous du secteur,Exploitable,
Dom's Restaurant,Nourriture,instagram,photo,90,148.0,284.0,-47.9,En dessous du secteur,Exploitable,
Abi'scream,Nourriture,instagram,reel,44,451.0,230.5,95.7,Au-dessus du secteur,Exploitable,
Abi's Cream,Nourriture,facebook,reel,19,422.0,355.0,18.9,Indicatif seulement,INSUFFISANT,2 compte(s) qualifie(s) < 3
Bonici Africa,Nourriture,facebook,reel,4,370.5,355.0,4.4,Indicatif seulement,INSUFFISANT,2 compte(s) qualifie(s) < 3
Dom's Restaurant,Nourriture,instagram,reel,90,230.5,230.5,0.0,Dans la norme du secteur,Exploitable,
DOM'S Restaurant,Nourriture,facebook,reel,65,288.0,355.0,-18.9,Indicatif seulement,INSUFFISANT,2 compte(s) qualifie(s) < 3
bonici.africa,Nourriture,instagram,reel,7,176.0,230.5,-23.6,En dessous du secteur,Exploitable,
Abi's Cream,Nourriture,facebook,video,18,237.5,173.2,37.1,Indicatif seulement,INSUFFISANT,2 compte(s) qualifie(s) < 3
Bonici Africa,Nourriture,facebook,video,1,229.0,173.2,32.2,Indicatif seulement,INSUFFISANT,2 compte(s) qualifie(s) < 3
DOM'S Restaurant,Nourriture,facebook,video,13,109.0,173.2,-37.1,Indicatif seulement,INSUFFISANT,2 compte(s) qualifie(s) < 3
