Compte,Meilleur format,Publications,Vues medianes,Fiabilite
Abi's Cream,reel,19,422.0,Moyenne
Abi'scream,reel,44,451.0,Elevee
Bonici Africa,photo,31,370.0,Elevee
Clair Optic Togo,reel,12,158.5,Moyenne
DAGAN MAGAZINE,carousel,6,335.5,Faible
DOM'S Restaurant,reel,65,288.0,Elevee
Dagan Magazine,photo,120,243.5,Elevee
Dom's Restaurant,reel,90,230.5,Elevee
GRETY'S LDM,reel,23,105.0,Moyenne
Grety's LDM,reel,16,104.0,Moyenne
Krystal Optique,reel,9,291.0,Faible
Krystal Optique Benin,reel,7,133.0,Faible
Krystal Optique Bénin,photo,35,35.0,Elevee
Orithane,reel,9,147.0,Faible
Pressing du Soleil,reel,5,130.0,Faible
Pressing_du_Soleil,reel,11,97.0,Moyenne
SODIGAZ TOGO,reel,41,147.0,Elevee
Sodigaztg,photo,85,921.0,Elevee
Wakabi - Le guide des bons coins,reel,125,563.0,Elevee
Wakabi Le Guide | Découverte | Bons plans | Divertissement,reel,152,707.0,Elevee
Woodin Fashion Togo,carousel,63,1417.0,Elevee
Zener SA,photo,198,1223.0,Elevee
bonici.africa,photo,32,336.5,Elevee
