Secteur,Plateforme,Format,Publications,Comptes qualifies,Niveau 1,Niveau 2,Niveau 3,Dispersion inter-comptes N1,Atteinte N1 (%),Atteinte N2 (%),Atteinte N3 (%),Statut,Avertissement
Carburant,facebook,photo,283,2,1070.0,1700.0,2195.0,1.3,55.5,30.7,21.9,Objectifs calcules,"Derogation : categorie calculee sur 2 compte(s) seulement (minimum general : 3). Les paliers decrivent ces comptes, pas un marche."
Carburant,facebook,reel,74,2,740.0,955.0,1310.0,1.4,48.6,32.4,16.2,Objectifs calcules,"Derogation : categorie calculee sur 2 compte(s) seulement (minimum general : 3). Les paliers decrivent ces comptes, pas un marche."
Carburant,facebook,video,14,2,,,,,,,,Echantillon sectoriel insuffisant,2 compte(s) qualifie(s) et 14 publication(s) : minimum requis 2 comptes et 20 publications.
Carburant,instagram,carousel,40,2,180.0,215.0,280.0,1.5,47.5,37.5,22.5,Objectifs calcules,"Derogation : categorie calculee sur 2 compte(s) seulement (minimum general : 3). Les paliers decrivent ces comptes, pas un marche."
Carburant,instagram,photo,252,2,115.0,145.0,170.0,1.1,47.2,30.2,21.0,Objectifs calcules,"Derogation : categorie calculee sur 2 compte(s) seulement (minimum general : 3). Les paliers decrivent ces comptes, pas un marche."
Carburant,instagram,reel,80,2,195.0,255.0,290.0,1.6,47.5,30.0,23.8,Objectifs calcules,"Derogation : categorie calculee sur 2 compte(s) seulement (minimum general : 3). Les paliers decrivent ces comptes, pas un marche."
Mode Lifestyle et Bien-etre,facebook,photo,723,9,125.0,160.0,170.0,31.5,67.6,60.7,58.9,Objectifs calcules,"Comptes tres heterogenes (rapport 31.5 x entre le plus fort et le plus faible) : une cible unique de categorie a peu de sens ici, privilegier les objectifs par compte."
Mode Lifestyle et Bien-etre,facebook,reel,202,8,140.0,145.0,165.0,24.2,73.3,73.3,69.3,Objectifs calcules,"Comptes tres heterogenes (rapport 24.2 x entre le plus fort et le plus faible) : une cible unique de categorie a peu de sens ici, privilegier les objectifs par compte."
Mode Lifestyle et Bien-etre,facebook,video,56,1,,,,,,,,Echantillon sectoriel insuffisant,1 compte(s) qualifie(s) et 56 publication(s) : minimum requis 3 comptes et 20 publications.
Mode Lifestyle et Bien-etre,instagram,carousel,167,6,210.0,225.0,295.0,54.5,66.5,64.7,61.1,Objectifs calcules,"Comptes tres heterogenes (rapport 54.5 x entre le plus fort et le plus faible) : une cible unique de categorie a peu de sens ici, privilegier les objectifs par compte."
Mode Lifestyle et Bien-etre,instagram,photo,560,8,90.0,130.0,145.0,30.3,80.0,73.6,72.0,Objectifs calcules,"Comptes tres heterogenes (rapport 30.3 x entre le plus fort et le plus faible) : une cible unique de categorie a peu de sens ici, privilegier les objectifs par compte."
Mode Lifestyle et Bien-etre,instagram,reel,308,7,155.0,235.0,540.0,8.8,88.0,84.1,59.7,Objectifs calcules,"Comptes tres heterogenes (rapport 8.8 x entre le plus fort et le plus faible) : une cible unique de categorie a peu de sens ici, privilegier les objectifs par compte."
Nourriture,facebook,photo,325,3,225.0,280.0,325.0,2.0,45.5,27.7,20.9,Objectifs calcules,
Nourriture,facebook,reel,88,2,,,,,,,,Echantillon sectoriel insuffisant,2 compte(s) qualifie(s) et 88 publication(s) : minimum requis 3 comptes et 20 publications.
Nourriture,facebook,video,32,2,,,,,,,,Echantillon sectoriel insuffisant,2 compte(s) qualifie(s) et 32 publication(s) : minimum requis 3 comptes et 20 publications.
Nourriture,instagram,carousel,126,3,135.0,200.0,310.0,2.8,64.3,51.6,30.2,Objectifs calcules,
Nourriture,instagram,photo,239,3,285.0,400.0,450.0,2.3,43.9,28.0,19.2,Objectifs calcules,
Nourriture,instagram,reel,141,3,230.0,310.0,510.0,2.5,62.4,46.1,27.7,Objectifs calcules,
