account_name,platform,format,sector,n,mean,median,trimmed_mean_10,std,minimum,maximum,q1,q3,iqr,mad,cv,skewness,n_outliers,n_outliers_high,n_outliers_low,lower_bound,upper_bound,method,engagement_median,engagement_mean,engagement_n,reliability,sufficient,period_start,period_end
Abi's Cream,facebook,photo,Nourriture,144,240.98611111111111,185.0,192.18965517241378,239.61291587913087,0.0,1734.0,134.0,250.5,116.5,58.0,0.994301766082498,4.036339402492943,11,11,0,0.0,425.25,iqr,3.1578947368421053,5.724261588091694,143,Elevee,True,2025-08-01 03:44:00,2026-08-01 06:23:00
Abi's Cream,facebook,reel,Nourriture,19,439.63157894736844,422.0,408.88235294117646,203.11414703349988,216.0,1186.0,353.0,477.0,124.0,59.0,0.46200991184442686,2.8465808393816787,1,1,0,167.0,663.0,iqr,2.564102564102564,3.0114567210592624,19,Moyenne,True,2026-02-27 12:23:00,2026-06-11 11:31:00
Abi's Cream,facebook,text,Nourriture,1,431.0,431.0,431.0,0.0,431.0,431.0,431.0,431.0,0.0,0.0,0.0,,0,0,0,431.0,431.0,iqr,32.44274809160305,32.44274809160305,1,Insuffisante,False,2026-02-02 10:25:00,2026-02-02 10:25:00
Abi's Cream,facebook,video,Nourriture,18,319.1111111111111,237.5,264.0625,290.89716980179236,129.0,1390.0,191.25,290.5,99.25,52.5,0.9115858385153661,3.299596296702505,2,2,0,42.375,439.375,iqr,3.9355948869223205,5.054788136955441,18,Moyenne,True,2025-08-05 03:01:00,2026-02-19 07:18:00
Abi'scream,instagram,carousel,Nourriture,44,657.8636363636364,311.0,374.4166666666667,1245.1902552100987,153.0,7476.0,245.0,532.75,287.75,95.5,1.8927786647289553,4.634410659399476,3,3,0,0.0,964.375,iqr,9.393382352941178,9.675247348512876,44,Elevee,True,2025-08-01 03:44:00,2026-07-28 04:50:00
Abi'scream,instagram,photo,Nourriture,117,573.5470085470085,284.0,302.8315789473684,1941.7573070756016,105.0,17848.0,185.0,429.0,244.0,115.0,3.385524251961037,7.897475933358276,5,5,0,0.0,795.0,iqr,7.006369426751593,6.954721218187284,117,Elevee,True,2025-08-02 03:37:00,2026-08-01 06:23:00
Abi'scream,instagram,reel,Nourriture,44,1650.3863636363637,451.0,780.5555555555555,4354.004626675544,144.0,28476.0,337.0,1075.75,738.75,170.5,2.638172928842061,5.724405653629196,6,6,0,0.0,2183.875,iqr,5.265903412678801,5.753387590516757,44,Elevee,True,2025-08-05 03:07:00,2026-06-11 11:29:00
Bonici Africa,facebook,photo,Nourriture,31,413.5806451612903,370.0,376.48,271.6013959455472,84.0,1154.0,263.0,492.5,229.5,121.0,0.6567072205219533,1.369476468574665,4,4,0,0.0,836.75,iqr,3.697183098591549,3.6999337333300106,31,Elevee,True,2025-08-15 02:56:00,2026-07-25 05:21:00
Bonici Africa,facebook,reel,Nourriture,4,396.5,370.5,396.5,150.25422900315763,250.0,595.0,301.0,466.0,165.0,86.5,0.37895139723368887,0.8277839287557329,0,0,0,53.5,713.5,iqr,3.3787883626608757,3.5619033475985713,4,Insuffisante,False,2025-08-31 11:32:00,2025-09-21 12:01:00
Bonici Africa,facebook,video,Nourriture,1,229.0,229.0,229.0,0.0,229.0,229.0,229.0,229.0,0.0,0.0,0.0,,0,0,0,229.0,229.0,iqr,4.697986577181208,4.697986577181208,1,Insuffisante,False,2025-08-15 12:06:00,2025-08-15 12:06:00
Clair Optic Togo,facebook,photo,Mode Lifestyle et Bien-etre,94,73.55319148936171,63.5,68.11842105263158,38.8082180137635,0.0,273.0,50.0,87.25,37.25,16.5,0.5276211300685231,1.9900250072106676,7,7,0,0.0,143.125,iqr,8.695652173913043,9.332141900092392,93,Elevee,True,2025-08-01 09:23:00,2026-07-22 05:58:00
Clair Optic Togo,facebook,reel,Mode Lifestyle et Bien-etre,8,84.625,76.0,84.625,27.907692231968692,57.0,134.0,64.25,99.75,35.5,18.0,0.3297807058430569,0.8576734709772031,0,0,0,11.0,153.0,iqr,9.095607235142118,8.441348314169588,8,Faible,False,2025-10-22 03:33:00,2026-05-28 04:09:00
Clair Optic Togo,facebook,video,Mode Lifestyle et Bien-etre,2,65.5,65.5,65.5,9.192388155425117,59.0,72.0,62.25,68.75,6.5,6.5,0.14034180389962012,,0,0,0,52.5,78.5,iqr,7.067627494456762,7.067627494456762,2,Insuffisante,False,2025-09-04 02:44:00,2025-09-05 11:46:00
Clair Optic Togo,instagram,carousel,Mode Lifestyle et Bien-etre,16,290.625,51.0,189.28571428571428,651.1397059515467,32.0,1968.0,37.5,80.25,42.75,16.5,2.2404807086504834,2.5057335153243026,2,2,0,0.0,144.375,iqr,10.977443609022556,13.709951140625432,16,Moyenne,True,2025-08-23 07:13:00,2026-07-22 05:59:00
Clair Optic Togo,instagram,photo,Mode Lifestyle et Bien-etre,79,181.1012658227848,71.0,74.84615384615384,902.2599914536078,21.0,8087.0,40.0,110.5,70.5,36.0,4.982074461790384,8.846863319926385,2,2,0,0.0,216.25,iqr,15.789473684210526,20.763034974173184,79,Elevee,True,2025-08-01 09:25:00,2026-06-30 03:33:00
Clair Optic Togo,instagram,reel,Mode Lifestyle et Bien-etre,12,648.3333333333334,158.5,524.5,971.4185815630976,25.0,2510.0,58.75,610.0,551.25,105.0,1.4983320024109474,1.4290212331974987,3,3,0,0.0,1436.875,iqr,2.3284701206016534,6.186985587241385,12,Moyenne,True,2025-09-04 02:44:00,2026-07-29 10:03:00
DAGAN MAGAZINE,instagram,carousel,Mode Lifestyle et Bien-etre,6,323.8333333333333,335.5,323.8333333333333,139.72461009667074,106.0,496.0,260.0,410.25,150.25,100.0,0.4314707465671768,-0.5011940638961601,0,0,0,34.625,635.625,iqr,6.890955867801306,7.649968060833671,6,Faible,False,2025-08-10 01:47:00,2026-07-12 07:33:00
DAGAN MAGAZINE,instagram,photo,Mode Lifestyle et Bien-etre,52,380.88461538461536,181.0,174.8095238095238,1074.1112998495805,42.0,6747.0,112.0,242.0,130.0,61.0,2.8200438045126828,5.2709850484110445,2,2,0,0.0,437.0,iqr,7.326892109500805,7.685603619732858,52,Elevee,True,2025-08-05 00:09:00,2026-07-30 07:38:00
DAGAN MAGAZINE,instagram,reel,Mode Lifestyle et Bien-etre,2,1003.0,1003.0,1003.0,964.4936495384508,321.0,1685.0,662.0,1344.0,682.0,682.0,0.961608823069243,,0,0,0,0.0,2367.0,iqr,6.024852024616831,6.024852024616831,2,Insuffisante,False,2026-06-23 13:49:00,2026-07-31 14:37:00
DOM'S Restaurant,facebook,photo,Nourriture,150,259.20666666666665,223.5,232.95833333333334,204.20158143681832,0.0,2224.0,171.0,295.5,124.5,59.0,0.7877944809938723,6.369585263280188,8,8,0,0.0,482.25,iqr,1.9607843137254901,2.262470746406625,148,Elevee,True,2025-08-09 03:14:00,2026-07-31 04:09:00
DOM'S Restaurant,facebook,reel,Nourriture,65,386.8,288.0,309.24528301886795,372.9985003321059,57.0,1589.0,128.0,450.0,322.0,162.0,0.964318770248464,1.9320709348052774,6,6,0,0.0,933.0,iqr,2.094240837696335,2.439719819461148,65,Elevee,True,2025-10-04 08:23:00,2026-07-23 04:34:00
DOM'S Restaurant,facebook,video,Nourriture,13,128.53846153846155,109.0,118.27272727272727,58.387520619585864,88.0,282.0,93.0,122.0,29.0,16.0,0.4542416325880408,2.063880652793937,2,2,0,49.5,165.5,iqr,3.0303030303030303,3.003911746322016,13,Moyenne,True,2025-08-01 03:32:00,2025-09-29 03:02:00
Dagan Magazine,facebook,link,Mode Lifestyle et Bien-etre,3,146.0,153.0,146.0,43.9203825119955,99.0,186.0,126.0,169.5,43.5,33.0,0.30082453775339385,-0.6989885498064583,0,0,0,60.75,234.75,iqr,1.9801980198019802,2.7068496323316538,3,Insuffisante,False,2026-03-02 06:50:00,2026-03-04 11:00:00
Dagan Magazine,facebook,photo,Mode Lifestyle et Bien-etre,120,1589.6,243.5,272.6770833333333,11042.256057085982,23.0,117990.0,152.25,371.0,218.75,103.0,6.946562693184438,10.140997804808901,14,14,0,0.0,699.125,iqr,3.4398242055442867,3.9208443554200225,120,Elevee,True,2025-08-04 03:53:00,2026-07-30 07:36:00
Dagan Magazine,facebook,reel,Mode Lifestyle et Bien-etre,1,314.0,314.0,314.0,0.0,314.0,314.0,314.0,314.0,0.0,0.0,0.0,,0,0,0,314.0,314.0,iqr,3.1578947368421053,3.1578947368421053,1,Insuffisante,False,2026-06-23 06:11:00,2026-06-23 06:11:00
Dom's Restaurant,instagram,carousel,Nourriture,72,353.4166666666667,133.5,173.72413793103448,1010.2896774660057,69.0,7852.0,112.0,249.75,137.75,33.5,2.8586362012714144,6.566537805711373,6,6,0,0.0,456.375,iqr,5.161505161505161,5.215199548171054,72,Elevee,True,2025-08-09 03:16:00,2026-07-31 04:09:00
Dom's Restaurant,instagram,photo,Nourriture,90,480.1666666666667,148.0,207.16666666666666,1101.3500729314305,49.0,7492.0,93.25,335.5,242.25,82.5,2.2936829009332116,4.528097015408251,9,9,0,0.0,698.875,iqr,3.8098693759071116,4.342277377396905,90,Elevee,True,2025-08-11 05:09:00,2026-07-21 03:06:00
Dom's Restaurant,instagram,reel,Nourriture,90,733.1444444444444,230.5,314.3611111111111,1469.34179685328,74.0,7371.0,183.75,383.25,199.5,66.0,2.0041641288937333,3.284774567659913,14,14,0,0.0,682.5,iqr,3.015151515151515,3.2568988965713914,90,Elevee,True,2025-08-01 03:34:00,2026-07-23 04:35:00
GRETY'S LDM,instagram,carousel,Mode Lifestyle et Bien-etre,24,464.4166666666667,26.0,28.05,1625.7772968154586,13.0,7539.0,19.5,33.25,13.75,7.0,3.5006868045550874,4.0718450659455465,2,2,0,0.0,53.875,iqr,3.0086016414141414,5.011118438852814,24,Moyenne,True,2025-12-05 06:42:00,2026-07-31 05:23:00
GRETY'S LDM,instagram,photo,Mode Lifestyle et Bien-etre,12,72.16666666666667,21.5,61.2,98.28421988695784,8.0,246.0,14.5,75.75,61.25,7.5,1.36190604924191,1.3246120438392557,3,3,0,0.0,167.625,iqr,5.0,8.208564984880775,12,Moyenne,True,2025-11-21 04:04:00,2026-04-30 10:09:00
GRETY'S LDM,instagram,reel,Mode Lifestyle et Bien-etre,23,1079.4782608695652,105.0,707.421052631579,1862.0435955633952,11.0,6595.0,32.5,1716.5,1684.0,74.0,1.7249477484275049,1.9063231564240894,3,3,0,0.0,4242.5,iqr,2.1514161220043575,3.139728596990706,23,Moyenne,True,2025-08-13 02:51:00,2026-04-02 04:46:00
Grety's LDM,facebook,link,Mode Lifestyle et Bien-etre,1,87.0,87.0,87.0,0.0,87.0,87.0,87.0,87.0,0.0,0.0,0.0,,0,0,0,87.0,87.0,iqr,3.571428571428571,3.571428571428571,1,Insuffisante,False,2025-09-02 02:58:00,2025-09-02 02:58:00
Grety's LDM,facebook,photo,Mode Lifestyle et Bien-etre,39,66.76923076923077,62.0,64.9090909090909,36.71329999824496,0.0,164.0,37.0,90.5,53.5,25.0,0.5498535714022863,0.5020385138676862,0,0,0,0.0,170.75,iqr,4.166666666666666,5.324106907560438,38,Elevee,True,2025-11-05 09:39:00,2026-07-31 05:22:00
Grety's LDM,facebook,reel,Mode Lifestyle et Bien-etre,16,109.4375,104.0,99.85714285714286,81.3190988226833,35.0,318.0,49.25,125.75,76.5,54.0,0.7430642953529029,1.4383847293757317,2,2,0,0.0,240.5,iqr,2.5,4.662973100947832,16,Moyenne,True,2025-10-24 03:31:00,2026-03-17 04:09:00
Krystal Optique,facebook,photo,Mode Lifestyle et Bien-etre,38,210.60526315789474,176.5,187.96875,122.26390143117517,84.0,759.0,146.25,232.75,86.5,37.0,0.580535830861509,3.001149829058831,3,3,0,16.5,362.5,iqr,2.4902861179795126,3.4238341192923807,38,Elevee,True,2025-08-14 11:25:00,2026-06-18 06:33:00
Krystal Optique,facebook,reel,Mode Lifestyle et Bien-etre,9,1536.3333333333333,291.0,1536.3333333333333,3219.193765525772,181.0,10041.0,199.0,691.0,492.0,110.0,2.095374549051273,2.8990391765596812,2,2,0,0.0,1429.0,iqr,3.6395147313691507,3.6044882156779963,9,Faible,False,2025-08-13 08:58:00,2026-07-07 11:31:00
Krystal Optique,instagram,carousel,Mode Lifestyle et Bien-etre,12,119.08333333333333,93.5,101.4,92.6483658623815,30.0,385.0,67.75,149.25,81.5,31.5,0.7780128693831896,2.406117529006594,1,1,0,0.0,271.5,iqr,6.746933212176284,7.320077290853934,12,Moyenne,True,2025-10-20 05:05:00,2026-06-15 06:04:00
Krystal Optique,instagram,photo,Mode Lifestyle et Bien-etre,30,241.56666666666666,109.5,112.29166666666667,632.4021899749064,31.0,3547.0,61.5,163.25,101.75,50.0,2.6179199253825294,5.264371029950544,3,3,0,0.0,315.875,iqr,4.612937433722163,5.276919076393309,30,Elevee,True,2025-08-04 04:12:00,2026-06-18 06:33:00
Krystal Optique,instagram,reel,Mode Lifestyle et Bien-etre,11,326.6363636363636,193.0,264.55555555555554,325.44931179133647,58.0,1154.0,140.0,396.0,256.0,87.0,0.996365830699889,1.924642659908267,1,1,0,0.0,780.0,iqr,5.681818181818182,5.926793332489433,11,Moyenne,True,2025-08-08 04:10:00,2026-07-07 11:31:00
Krystal Optique Benin,instagram,photo,Mode Lifestyle et Bien-etre,23,57.95652173913044,26.0,56.73684210526316,44.532397053738066,9.0,125.0,16.0,100.5,84.5,17.0,0.7683759431627722,0.14819196740062743,0,0,0,0.0,227.25,iqr,12.5,12.340856429731112,23,Moyenne,True,2025-08-04 04:17:00,2026-08-01 08:43:00
Krystal Optique Benin,instagram,reel,Mode Lifestyle et Bien-etre,7,134.71428571428572,133.0,134.71428571428572,87.24240995776134,16.0,261.0,79.0,187.5,108.5,70.0,0.6476106783715051,-0.06908760666348311,0,0,0,0.0,350.25,iqr,6.796116504854369,6.972057637490198,7,Faible,False,2025-08-08 03:58:00,2026-07-07 11:32:00
Krystal Optique Bénin,facebook,photo,Mode Lifestyle et Bien-etre,35,37.0,35.0,35.55172413793103,15.179320297888253,3.0,107.0,29.5,41.5,12.0,6.0,0.41025189994292577,2.7181494215032815,2,1,1,11.5,59.5,iqr,0.0,1.1578813343519228,35,Elevee,True,2025-08-04 04:17:00,2026-08-01 08:43:00
Krystal Optique Bénin,facebook,reel,Mode Lifestyle et Bien-etre,8,95.375,31.5,95.375,105.85291344934387,25.0,276.0,28.5,132.75,104.25,5.5,1.1098601672277209,1.2902788007419081,0,0,0,0.0,289.125,iqr,2.34860883797054,22.133683700877068,8,Faible,False,2025-12-25 03:24:00,2026-07-07 11:31:00
Krystal Optique Bénin,facebook,video,Mode Lifestyle et Bien-etre,1,19.0,19.0,19.0,0.0,19.0,19.0,19.0,19.0,0.0,0.0,0.0,,0,0,0,19.0,19.0,iqr,0.0,0.0,1,Insuffisante,False,2025-08-08 03:55:00,2025-08-08 03:55:00
Orithane,facebook,photo,Mode Lifestyle et Bien-etre,20,137.75,147.0,140.6875,67.73157158573603,0.0,292.0,110.0,169.25,59.25,29.5,0.49169924926124164,-0.2607933271966497,3,1,2,21.125,258.125,iqr,2.611111111111111,3.0735489122976944,18,Moyenne,True,2025-09-01 05:36:00,2026-07-17 04:00:00
Orithane,facebook,reel,Mode Lifestyle et Bien-etre,9,170.33333333333334,147.0,170.33333333333334,80.24182201321204,95.0,320.0,117.0,184.0,67.0,37.0,0.47108701769009026,1.1996388003159963,2,2,0,16.5,284.5,iqr,2.631578947368421,3.24578394364393,9,Faible,False,2025-11-10 04:19:00,2026-07-18 07:19:00
Pressing du Soleil,facebook,photo,Mode Lifestyle et Bien-etre,17,152.64705882352942,91.0,90.13333333333334,287.5288988033356,0.0,1243.0,31.0,116.0,85.0,44.0,1.8836189902337976,3.8243111387930298,2,2,0,0.0,243.5,iqr,6.186868686868687,14.385195622541966,16,Moyenne,True,2025-08-04 03:36:00,2026-07-09 06:38:00
Pressing du Soleil,facebook,reel,Mode Lifestyle et Bien-etre,5,132.2,130.0,132.2,43.76299806914513,88.0,203.0,106.0,134.0,28.0,24.0,0.33103629401773926,1.2455745648504084,1,1,0,64.0,176.0,iqr,30.0,30.980294847467526,5,Faible,False,2025-08-06 19:51:00,2026-05-04 03:35:00
Pressing du Soleil,facebook,video,Mode Lifestyle et Bien-etre,1,102.0,102.0,102.0,0.0,102.0,102.0,102.0,102.0,0.0,0.0,0.0,,0,0,0,102.0,102.0,iqr,1.694915254237288,1.694915254237288,1,Insuffisante,False,2025-08-19 07:09:00,2025-08-19 07:09:00
Pressing_du_Soleil,instagram,carousel,Mode Lifestyle et Bien-etre,1,29.0,29.0,29.0,0.0,29.0,29.0,29.0,29.0,0.0,0.0,0.0,,0,0,0,29.0,29.0,iqr,44.44444444444444,44.44444444444444,1,Insuffisante,False,2025-12-12 01:28:00,2025-12-12 01:28:00
Pressing_du_Soleil,instagram,photo,Mode Lifestyle et Bien-etre,14,30.928571428571427,23.0,27.583333333333332,26.321866562625445,7.0,95.0,18.0,29.0,11.0,6.0,0.8510534223481668,2.0110310299047685,2,2,0,1.5,45.5,iqr,19.090909090909093,24.033962069676356,14,Moyenne,True,2025-08-13 03:29:00,2026-07-09 06:38:00
Pressing_du_Soleil,instagram,reel,Mode Lifestyle et Bien-etre,11,139.8181818181818,97.0,132.11111111111111,117.72070181732538,28.0,321.0,44.0,243.5,199.5,64.0,0.8419556046752791,0.6477770644726252,0,0,0,0.0,542.75,iqr,1.4545454545454546,3.5874063800788645,11,Moyenne,True,2025-08-01 02:49:00,2026-05-13 06:44:00
SODIGAZ TOGO,instagram,carousel,Carburant,18,760.8888888888889,145.5,402.4375,1882.2339946078748,55.0,7202.0,84.75,215.75,131.0,72.0,2.4737304251563774,3.0494115479751756,2,2,0,0.0,412.25,iqr,5.21680216802168,5.794586699608809,18,Moyenne,True,2025-08-01 04:06:00,2026-06-07 11:22:00
SODIGAZ TOGO,instagram,photo,Carburant,69,387.40579710144925,119.0,110.9298245614035,1058.8507687838428,22.0,5633.0,56.0,155.0,99.0,53.0,2.7331825612990595,3.7808601870065357,5,5,0,0.0,303.5,iqr,4.878048780487805,5.894641761692754,69,Elevee,True,2025-08-01 04:07:00,2026-07-25 05:41:00
SODIGAZ TOGO,instagram,reel,Carburant,41,205.02439024390245,147.0,150.27272727272728,351.5634713536716,38.0,2328.0,68.0,221.0,153.0,79.0,1.7147397484535494,5.759001478072593,1,1,0,0.0,450.5,iqr,3.4482758620689653,3.897732062266675,41,Elevee,True,2025-08-17 03:58:00,2026-07-23 02:55:00
Sodigaztg,facebook,link,Carburant,1,228.0,228.0,228.0,0.0,228.0,228.0,228.0,228.0,0.0,0.0,0.0,,0,0,0,228.0,228.0,iqr,8.823529411764707,8.823529411764707,1,Insuffisante,False,2026-03-19 08:31:00,2026-03-19 08:31:00
Sodigaztg,facebook,photo,Carburant,85,1772.4235294117648,921.0,1215.3478260869565,2523.8255277807675,316.0,15957.0,675.0,1737.0,1062.0,394.0,1.4239404329158163,3.9629671007784686,7,7,0,0.0,3330.0,iqr,3.302689819543752,3.4519160093303705,85,Elevee,True,2025-08-01 04:06:00,2026-07-25 05:41:00
Sodigaztg,facebook,reel,Carburant,43,773.2558139534884,607.0,665.6,591.9593813696879,231.0,3281.0,396.5,864.0,467.5,220.0,0.7655414556059121,2.401024973133817,4,4,0,0.0,1565.25,iqr,3.260869565217391,4.106515679936268,43,Elevee,True,2025-10-09 03:23:00,2026-07-23 02:54:00
Sodigaztg,facebook,text,Carburant,2,4162.0,4162.0,4162.0,4934.191119119729,673.0,7651.0,2417.5,5906.5,3489.0,3489.0,1.1855336662949854,,0,0,0,0.0,11140.0,iqr,5.0729994659652125,5.0729994659652125,2,Insuffisante,False,2026-02-03 05:33:00,2026-04-01 11:10:00
Sodigaztg,facebook,video,Carburant,7,723.1428571428571,480.0,723.1428571428571,507.6630866271542,275.0,1512.0,372.0,1025.5,653.5,205.0,0.7020232331865033,0.9797786020803356,0,0,0,0.0,2005.75,iqr,4.31985294117647,4.0831622444733275,7,Faible,False,2025-08-16 14:09:00,2025-09-30 05:03:00
Wakabi - Le guide des bons coins,facebook,link,Mode Lifestyle et Bien-etre,46,43.369565217391305,44.0,42.5,15.588255829526382,20.0,82.0,29.0,52.0,23.0,10.0,0.35942845521714967,0.44583193984969083,0,0,0,0.0,86.5,iqr,6.2745098039215685,6.771240695761341,46,Elevee,True,2025-11-11 11:25:00,2026-01-12 08:01:00
Wakabi - Le guide des bons coins,facebook,photo,Mode Lifestyle et Bien-etre,58,140.27586206896552,125.0,126.16666666666667,111.34721939405429,0.0,721.0,72.5,169.0,96.5,50.5,0.7937731962702985,2.7890792644073215,3,3,0,0.0,313.75,iqr,3.8834951456310676,8.003796588271234,57,Elevee,True,2025-11-13 11:26:00,2026-07-30 09:46:00
Wakabi - Le guide des bons coins,facebook,reel,Mode Lifestyle et Bien-etre,125,2832.656,563.0,786.6732673267327,8738.765824228823,57.0,76293.0,326.0,1275.0,949.0,401.0,3.0850077892369647,5.881146426925842,12,12,0,0.0,2698.5,iqr,2.592087312414734,3.7036341503377996,125,Elevee,True,2025-12-15 10:48:00,2026-07-31 12:03:00
Wakabi - Le guide des bons coins,facebook,video,Mode Lifestyle et Bien-etre,1,108.0,108.0,108.0,0.0,108.0,108.0,108.0,108.0,0.0,0.0,0.0,,0,0,0,108.0,108.0,iqr,0.0,0.0,1,Insuffisante,False,2026-06-24 12:36:00,2026-06-24 12:36:00
Wakabi Le Guide | Découverte | Bons plans | Divertissement,instagram,carousel,Mode Lifestyle et Bien-etre,45,887.4888888888889,391.0,451.64864864864865,1800.975639911755,118.0,9663.0,232.0,657.0,425.0,178.0,2.029293732529458,4.167050741409984,4,4,0,0.0,1294.5,iqr,6.395348837209303,6.941173535051534,45,Elevee,True,2025-11-13 11:26:00,2026-07-30 09:46:00
Wakabi Le Guide | Découverte | Bons plans | Divertissement,instagram,photo,Mode Lifestyle et Bien-etre,8,352.375,184.5,352.375,339.1956609813449,119.0,903.0,124.0,444.5,320.5,64.5,0.9625985412737704,1.31998017659819,0,0,0,0.0,925.25,iqr,7.881584707427404,7.409299886774563,8,Faible,False,2025-10-30 10:03:00,2026-05-31 02:03:00
Wakabi Le Guide | Découverte | Bons plans | Divertissement,instagram,reel,Mode Lifestyle et Bien-etre,152,2648.0131578947367,707.0,1296.2459016393443,5775.184283618965,122.0,44331.0,406.5,2206.75,1800.25,396.5,2.1809499950560816,4.52824857340232,19,19,0,0.0,4907.125,iqr,6.627664179674569,8.07576580908813,152,Elevee,True,2025-11-20 11:26:00,2026-07-31 10:57:00
Woodin Fashion Togo,facebook,photo,Mode Lifestyle et Bien-etre,302,1384.4205298013244,1103.5,1200.0371900826447,1137.7231789277591,0.0,13832.0,827.75,1565.75,738.0,328.0,0.8218046138704919,5.606088696960233,20,20,0,0.0,2672.75,iqr,2.257761053621825,3.978369320520249,299,Elevee,True,2025-08-01 04:36:00,2026-07-30 06:02:00
Woodin Fashion Togo,facebook,reel,Mode Lifestyle et Bien-etre,21,997.7142857142857,701.0,816.1176470588235,791.0376187550843,412.0,3788.0,612.0,940.0,328.0,144.0,0.7928498469767454,2.6572906047054996,4,4,0,120.0,1432.0,iqr,3.1078610603290677,3.264700288339101,21,Moyenne,True,2025-11-14 23:52:00,2026-07-09 07:00:00
Woodin Fashion Togo,facebook,video,Mode Lifestyle et Bien-etre,51,610.0980392156863,502.0,544.8780487804878,337.7039682859508,278.0,1920.0,419.5,639.5,220.0,115.0,0.5535241003562105,2.141015970549574,7,7,0,89.5,969.5,iqr,2.564102564102564,2.83781599422928,51,Elevee,True,2025-08-02 03:50:00,2026-02-23 04:11:00
Woodin Fashion Togo,instagram,carousel,Mode Lifestyle et Bien-etre,63,4001.4920634920636,1417.0,1445.3725490196077,18837.146476656184,423.0,150791.0,801.0,1955.0,1154.0,610.0,4.70753063551429,7.879482500821065,4,4,0,0.0,3686.0,iqr,4.72972972972973,5.133738592189734,63,Elevee,True,2025-08-03 04:59:00,2026-07-30 07:25:00
Woodin Fashion Togo,instagram,photo,Mode Lifestyle et Bien-etre,342,1075.2719298245613,639.0,842.5912408759124,1323.7740188982589,200.0,15276.0,414.0,1376.5,962.5,306.5,1.2311062738466934,5.9676435929816085,17,17,0,0.0,2820.25,iqr,2.928980969130242,3.4229056225991616,342,Elevee,True,2025-08-03 13:15:00,2026-07-10 13:11:00
Woodin Fashion Togo,instagram,reel,Mode Lifestyle et Bien-etre,90,1341.1222222222223,852.5,1016.4583333333334,1446.3986569343608,382.0,10126.0,632.0,1383.0,751.0,292.0,1.0784987624302407,3.709388974295005,10,10,0,0.0,2509.5,iqr,4.425794093044531,4.9342954402897385,90,Elevee,True,2025-08-08 10:03:00,2026-06-21 08:59:00
Zener SA,facebook,link,Carburant,2,206.0,206.0,206.0,55.154328932550705,167.0,245.0,186.5,225.5,39.0,39.0,0.2677394608376248,,0,0,0,128.0,284.0,iqr,3.0674269958641434,3.0674269958641434,2,Insuffisante,False,2026-01-17 08:02:00,2026-02-11 02:17:00
Zener SA,facebook,photo,Carburant,198,3528.151515151515,1223.0,1538.73125,12185.675355736497,32.0,125977.0,784.75,2086.75,1302.0,534.5,3.453841283007708,8.269119327035389,28,28,0,0.0,4039.75,iqr,3.0621266107643264,3.575804020362316,198,Elevee,True,2025-08-01 04:20:00,2026-07-31 06:19:00
Zener SA,facebook,reel,Carburant,31,1494.483870967742,865.0,1072.64,1723.027004450167,279.0,8234.0,660.5,1413.0,752.5,282.0,1.1529244563438705,2.7529034390447142,4,4,0,0.0,2541.75,iqr,3.0821917808219177,3.2267072628267943,31,Elevee,True,2025-12-09 05:26:00,2026-08-01 05:56:00
Zener SA,facebook,text,Carburant,19,6016.368421052632,1348.0,3244.8823529411766,13596.815931233175,600.0,58548.0,946.5,2392.5,1446.0,607.0,2.2599706300656135,3.6000151017187396,3,3,0,0.0,4561.5,iqr,5.588942307692308,5.913506893148962,19,Moyenne,True,2025-08-11 05:08:00,2026-06-05 05:42:00
Zener SA,facebook,video,Carburant,7,582.1428571428571,365.0,582.1428571428571,604.9312436333649,8.0,1856.0,278.5,644.5,366.0,277.0,1.0391456945849213,1.9062309208641535,1,1,0,0.0,1193.5,iqr,4.932735426008969,5.277806688656889,7,Faible,False,2025-08-07 06:30:00,2026-02-18 09:07:00
Zener SA,instagram,carousel,Carburant,22,627.0909090909091,212.5,216.16666666666666,1949.1508996066027,62.0,9341.0,136.0,319.5,183.5,80.5,3.1082429538522223,4.667719777049032,1,1,0,0.0,594.75,iqr,11.079611877484218,10.188639666185802,22,Moyenne,True,2025-08-01 04:20:00,2026-07-23 07:38:00
Zener SA,instagram,photo,Carburant,183,227.224043715847,109.0,115.19047619047619,983.002665681739,34.0,12026.0,71.5,161.0,89.5,42.0,4.32613842094556,10.602441419772664,5,5,0,0.0,295.25,iqr,8.695652173913043,9.488839886329318,183,Elevee,True,2025-08-02 04:45:00,2026-07-31 06:19:00
Zener SA,instagram,reel,Carburant,39,547.6923076923077,235.0,236.54545454545453,1728.0829834156837,66.0,10912.0,160.0,318.5,158.5,81.0,3.155207694438748,5.990593221722703,2,2,0,0.0,556.25,iqr,5.833333333333333,5.855723914445242,39,Elevee,True,2025-08-08 13:51:00,2026-08-01 05:49:00
bonici.africa,instagram,carousel,Nourriture,10,134.8,111.0,107.25,108.33876909439617,61.0,429.0,77.25,130.5,53.25,33.5,0.8037000674658469,2.652684491477052,1,1,0,0.0,210.375,iqr,5.88235294117647,5.874138597103967,10,Moyenne,True,2025-09-17 05:30:00,2026-07-25 05:22:00
bonici.africa,instagram,photo,Nourriture,32,762.15625,336.5,460.1923076923077,1204.6411354096156,58.0,4623.0,120.5,593.25,472.75,243.0,1.5805697787161301,2.303197568443133,5,5,0,0.0,1302.375,iqr,4.4424743892829,4.417627697913934,32,Elevee,True,2025-08-14 01:01:00,2026-07-24 08:44:00
bonici.africa,instagram,reel,Nourriture,7,3665.8571428571427,176.0,3665.8571428571427,9229.015014770383,112.0,24595.0,149.0,240.0,91.0,45.0,2.517559919854748,2.6455942845318585,1,1,0,12.5,376.5,iqr,2.9585798816568047,2.8726498831896135,7,Faible,False,2025-08-25 11:40:00,2026-02-14 04:48:00
