Compte,Secteur,Publications,Formats utilises,Vues medianes,Vues moyennes,Vues max,Engagement median (%),Publications exceptionnelles,Debut,Fin,Fiabilite
Woodin Fashion Togo,Mode Lifestyle et Bien-etre,869,4,909.0,1393.2,150791.0,2.77,51,2025-08-01 04:36:00,2026-07-30 07:25:00,Elevee
Zener SA,Carburant,501,6,366.0,1877.1,125977.0,4.57,47,2025-08-01 04:20:00,2026-08-01 05:56:00,Elevee
Dom's Restaurant,Nourriture,252,3,191.5,534.3,7852.0,3.76,28,2025-08-01 03:34:00,2026-07-31 04:09:00,Elevee
Wakabi - Le guide des bons coins,Mode Lifestyle et Bien-etre,230,4,169.0,1584.0,76293.0,3.4,30,2025-11-11 11:25:00,2026-07-31 12:03:00,Elevee
DOM'S Restaurant,Nourriture,228,3,223.5,288.1,2224.0,2.12,13,2025-08-01 03:32:00,2026-07-31 04:09:00,Elevee
Clair Optic Togo,Mode Lifestyle et Bien-etre,211,4,66.0,163.3,8087.0,10.53,13,2025-08-01 09:23:00,2026-07-29 10:03:00,Elevee
Abi'scream,Nourriture,205,3,329.0,822.8,28476.0,7.14,20,2025-08-01 03:44:00,2026-08-01 06:23:00,Elevee
Wakabi Le Guide | Découverte | Bons plans | Divertissement,Mode Lifestyle et Bien-etre,205,3,570.0,2172.0,44331.0,6.61,29,2025-10-30 10:03:00,2026-07-31 10:57:00,Elevee
Abi's Cream,Nourriture,182,4,198.0,270.5,1734.0,3.16,15,2025-08-01 03:44:00,2026-08-01 06:23:00,Elevee
Sodigaztg,Carburant,138,5,753.0,1431.3,15957.0,3.37,14,2025-08-01 04:06:00,2026-07-25 05:41:00,Elevee
SODIGAZ TOGO,Carburant,128,3,124.5,381.5,7202.0,4.29,8,2025-08-01 04:06:00,2026-07-25 05:41:00,Elevee
Dagan Magazine,Mode Lifestyle et Bien-etre,124,3,240.5,1544.4,117990.0,3.4,14,2025-08-04 03:53:00,2026-07-30 07:36:00,Elevee
Krystal Optique,Mode Lifestyle et Bien-etre,100,3,157.0,341.0,10041.0,3.75,12,2025-08-04 04:12:00,2026-07-07 11:31:00,Elevee
DAGAN MAGAZINE,Mode Lifestyle et Bien-etre,60,3,193.0,395.9,6747.0,7.33,4,2025-08-05 00:09:00,2026-07-31 14:37:00,Elevee
GRETY'S LDM,Mode Lifestyle et Bien-etre,59,3,31.0,624.4,7539.0,2.68,9,2025-08-13 02:51:00,2026-07-31 05:23:00,Elevee
Grety's LDM,Mode Lifestyle et Bien-etre,56,3,67.0,79.3,318.0,3.57,2,2025-09-02 02:58:00,2026-07-31 05:22:00,Elevee
bonici.africa,Nourriture,49,3,176.0,1048.9,24595.0,4.6,6,2025-08-14 01:01:00,2026-07-25 05:22:00,Elevee
Krystal Optique Bénin,Mode Lifestyle et Bien-etre,44,3,34.5,47.2,276.0,0.0,5,2025-08-04 04:17:00,2026-08-01 08:43:00,Elevee
Bonici Africa,Nourriture,36,3,358.5,406.6,1154.0,3.76,4,2025-08-15 02:56:00,2026-07-25 05:21:00,Elevee
Krystal Optique Benin,Mode Lifestyle et Bien-etre,30,2,91.0,75.9,261.0,10.05,1,2025-08-04 04:17:00,2026-08-01 08:43:00,Elevee
Orithane,Mode Lifestyle et Bien-etre,29,2,147.0,147.9,320.0,2.63,5,2025-09-01 05:36:00,2026-07-18 07:19:00,Moyenne
Pressing_du_Soleil,Mode Lifestyle et Bien-etre,26,3,29.5,76.9,321.0,10.56,4,2025-08-01 02:49:00,2026-07-09 06:38:00,Moyenne
Pressing du Soleil,Mode Lifestyle et Bien-etre,23,3,101.0,146.0,1243.0,6.19,2,2025-08-04 03:36:00,2026-07-09 06:38:00,Moyenne
