Compte,Platform,Secteur,Debut,Fin,Publications,Mediane debut,Mediane fin,Variation (%),Pente (vues/publication),R2,Tendance,Detail,Variation plateforme (%),Comptes de reference,Ecart au marche (points),Tendance relative
Abi's Cream,facebook,Nourriture,2025-08-01 03:44:00,2026-08-01 06:23:00,182,181.0,182.5,0.8,0.41,0.008,Performance stable,Les deux methodes concordent (p=0.240),-7.1,14,7.9,Conforme a sa plateforme
Abi'scream,instagram,Nourriture,2025-08-01 03:44:00,2026-08-01 06:23:00,205,454.0,235.5,-48.1,0.69,0.0,Performance en baisse,"Signal faible : segments=Performance en baisse, regression=Performance stable",-61.2,13,13.1,Conforme a sa plateforme
Bonici Africa,facebook,Nourriture,2025-08-15 02:56:00,2026-07-25 05:21:00,36,387.0,213.0,-45.0,-9.32,0.146,Performance en baisse,Les deux methodes concordent (p=0.021),-7.1,14,-37.9,Fait moins bien que sa plateforme
Clair Optic Togo,facebook,Mode Lifestyle et Bien-etre,2025-08-01 09:23:00,2026-07-22 05:58:00,104,90.0,76.5,-15.0,-0.26,0.043,Performance en baisse,Les deux methodes concordent (p=0.034),-7.1,14,-7.9,Conforme a sa plateforme
Clair Optic Togo,instagram,Mode Lifestyle et Bien-etre,2025-08-01 09:25:00,2026-07-29 10:03:00,107,98.0,38.0,-61.2,-2.48,0.008,Performance en baisse,"Signal faible : segments=Performance en baisse, regression=Performance stable",-61.2,13,0.0,Conforme a sa plateforme
DAGAN MAGAZINE,instagram,Mode Lifestyle et Bien-etre,2025-08-05 00:09:00,2026-07-31 14:37:00,60,209.5,148.0,-29.4,-0.44,0.0,Performance en baisse,"Signal faible : segments=Performance en baisse, regression=Performance stable",-61.2,13,31.8,Fait mieux que sa plateforme
DOM'S Restaurant,facebook,Nourriture,2025-08-01 03:32:00,2026-07-31 04:09:00,228,190.0,317.0,66.8,0.89,0.048,Performance en progression,Les deux methodes concordent (p=0.001),-7.1,14,73.9,Fait mieux que sa plateforme
Dagan Magazine,facebook,Mode Lifestyle et Bien-etre,2025-08-04 03:53:00,2026-07-30 07:36:00,124,170.0,284.0,67.1,44.92,0.022,Performance en progression,"Signal faible : segments=Performance en progression, regression=Performance stable",-7.1,14,74.2,Fait mieux que sa plateforme
Dom's Restaurant,instagram,Nourriture,2025-08-01 03:34:00,2026-07-31 04:09:00,252,313.0,127.0,-59.4,-2.34,0.019,Performance en baisse,Les deux methodes concordent (p=0.027),-61.2,13,1.8,Conforme a sa plateforme
GRETY'S LDM,instagram,Mode Lifestyle et Bien-etre,2025-08-13 02:51:00,2026-07-31 05:23:00,59,138.0,23.0,-83.3,-31.34,0.115,Performance en baisse,Les deux methodes concordent (p=0.009),-61.2,13,-22.1,Fait moins bien que sa plateforme
Grety's LDM,facebook,Mode Lifestyle et Bien-etre,2025-09-02 02:58:00,2026-07-31 05:22:00,56,48.5,87.0,79.4,0.36,0.011,Performance en progression,"Signal faible : segments=Performance en progression, regression=Performance stable",-7.1,14,86.5,Fait mieux que sa plateforme
Krystal Optique,facebook,Mode Lifestyle et Bien-etre,2025-08-13 08:58:00,2026-07-07 11:31:00,47,235.0,156.0,-33.6,26.43,0.063,Performance en baisse,"Signal faible : segments=Performance en baisse, regression=Performance stable",-7.1,14,-26.5,Fait moins bien que sa plateforme
Krystal Optique,instagram,Mode Lifestyle et Bien-etre,2025-08-04 04:12:00,2026-07-07 11:31:00,53,171.0,60.0,-64.9,-3.82,0.014,Performance en baisse,"Signal faible : segments=Performance en baisse, regression=Performance stable",-61.2,13,-3.7,Conforme a sa plateforme
Krystal Optique Benin,instagram,Mode Lifestyle et Bien-etre,2025-08-04 04:17:00,2026-08-01 08:43:00,30,106.5,25.5,-76.1,-0.6,0.007,Performance en baisse,"Signal faible : segments=Performance en baisse, regression=Performance stable",-61.2,13,-14.9,Conforme a sa plateforme
Krystal Optique Bénin,facebook,Mode Lifestyle et Bien-etre,2025-08-04 04:17:00,2026-08-01 08:43:00,44,38.5,29.0,-24.7,0.41,0.011,Performance en baisse,"Signal faible : segments=Performance en baisse, regression=Performance stable",-7.1,14,-17.6,Fait moins bien que sa plateforme
Orithane,facebook,Mode Lifestyle et Bien-etre,2025-09-01 05:36:00,2026-07-18 07:19:00,29,169.0,129.0,-23.7,-1.39,0.027,Performance en baisse,"Signal faible : segments=Performance en baisse, regression=Performance stable",-7.1,14,-16.6,Fait moins bien que sa plateforme
Pressing du Soleil,facebook,Mode Lifestyle et Bien-etre,2025-08-04 03:36:00,2026-07-09 06:38:00,23,102.0,31.0,-69.6,-8.07,0.049,Performance en baisse,"Signal faible : segments=Performance en baisse, regression=Performance stable",-7.1,14,-62.5,Fait moins bien que sa plateforme
Pressing_du_Soleil,instagram,Mode Lifestyle et Bien-etre,2025-08-01 02:49:00,2026-07-09 06:38:00,26,112.0,20.5,-81.7,-8.24,0.445,Performance en baisse,Les deux methodes concordent (p=0.000),-61.2,13,-20.5,Fait moins bien que sa plateforme
SODIGAZ TOGO,instagram,Carburant,2025-08-01 04:06:00,2026-07-25 05:41:00,128,144.5,68.0,-52.9,-4.59,0.025,Performance en baisse,"Signal faible : segments=Performance en baisse, regression=Performance stable",-61.2,13,8.3,Conforme a sa plateforme
Sodigaztg,facebook,Carburant,2025-08-01 04:06:00,2026-07-25 05:41:00,138,906.5,622.5,-31.3,-4.4,0.007,Performance en baisse,"Signal faible : segments=Performance en baisse, regression=Performance stable",-7.1,14,-24.2,Fait moins bien que sa plateforme
Wakabi - Le guide des bons coins,facebook,Mode Lifestyle et Bien-etre,2025-11-11 11:25:00,2026-07-31 12:03:00,230,51.0,828.5,1524.5,27.83,0.079,Performance en progression,Les deux methodes concordent (p=0.000),-7.1,14,1531.6,Fait mieux que sa plateforme
Wakabi Le Guide | Découverte | Bons plans | Divertissement,instagram,Mode Lifestyle et Bien-etre,2025-10-30 10:03:00,2026-07-31 10:57:00,205,487.0,751.5,54.3,-15.18,0.031,Tendance incertaine,"Methodes contradictoires : segments=Performance en progression, regression=Performance en baisse",-61.2,13,115.5,Fait mieux que sa plateforme
Woodin Fashion Togo,facebook,Mode Lifestyle et Bien-etre,2025-08-01 04:36:00,2026-07-30 06:02:00,374,798.0,1057.0,32.5,1.85,0.034,Performance en progression,Les deux methodes concordent (p=0.000),-7.1,14,39.6,Fait mieux que sa plateforme
Woodin Fashion Togo,instagram,Mode Lifestyle et Bien-etre,2025-08-03 04:59:00,2026-07-30 07:25:00,495,1451.0,514.0,-64.6,-0.03,0.0,Performance en baisse,"Signal faible : segments=Performance en baisse, regression=Performance stable",-61.2,13,-3.4,Conforme a sa plateforme
Zener SA,facebook,Carburant,2025-08-01 04:20:00,2026-08-01 05:56:00,257,876.0,1303.0,48.7,27.12,0.032,Performance en progression,Les deux methodes concordent (p=0.004),-7.1,14,55.8,Fait mieux que sa plateforme
Zener SA,instagram,Carburant,2025-08-01 04:20:00,2026-08-01 05:49:00,244,182.0,80.0,-56.0,-3.8,0.047,Performance en baisse,Les deux methodes concordent (p=0.001),-61.2,13,5.2,Conforme a sa plateforme
bonici.africa,instagram,Nourriture,2025-08-14 01:01:00,2026-07-25 05:22:00,49,498.5,86.5,-82.6,-65.8,0.069,Performance en baisse,"Signal faible : segments=Performance en baisse, regression=Performance stable",-61.2,13,-21.4,Fait moins bien que sa plateforme
